name	type	units	low_cutoff	high_cutoff	notch	sampling_frequency	status	status_description
Amp6-1	ECOG	µV	0.1	n/a	50	1200.0	good	n/a
Amp6-2	ECOG	µV	0.1	n/a	50	1200.0	good	n/a
Amp6-3	ECOG	µV	0.1	n/a	50	1200.0	good	n/a
Amp6-4	ECOG	µV	0.1	n/a	50	1200.0	good	n/a
Amp6-5	ECOG	µV	0.1	n/a	50	1200.0	good	n/a
Amp6-6	ECOG	µV	0.1	n/a	50	1200.0	good	n/a
Amp6-7	ECOG	µV	0.1	n/a	50	1200.0	good	n/a
Amp6-8	ECOG	µV	0.1	n/a	50	1200.0	good	n/a
Amp6-9	ECOG	µV	0.1	n/a	50	1200.0	good	n/a
Amp6-10	ECOG	µV	0.1	n/a	50	1200.0	good	n/a
Amp6-11	ECOG	µV	0.1	n/a	50	1200.0	good	n/a
Amp6-12	ECOG	µV	0.1	n/a	50	1200.0	good	n/a
Amp6-13	ECOG	µV	0.1	n/a	50	1200.0	good	n/a
Amp6-14	ECOG	µV	0.1	n/a	50	1200.0	good	n/a
Amp6-15	ECOG	µV	0.1	n/a	50	1200.0	good	n/a
Amp6-16	ECOG	µV	0.1	n/a	50	1200.0	good	n/a
Amp6-trigger	TRIG	µV	0.1	n/a	50	1200.0	good	digital trigger input of amplifier Amp6 (constant: no events)
Amp5-1	ECOG	µV	0.1	n/a	50	1200.0	good	n/a
Amp5-2	ECOG	µV	0.1	n/a	50	1200.0	good	n/a
Amp5-3	ECOG	µV	0.1	n/a	50	1200.0	good	n/a
Amp5-4	ECOG	µV	0.1	n/a	50	1200.0	good	n/a
Amp5-5	ECOG	µV	0.1	n/a	50	1200.0	good	n/a
Amp5-6	ECOG	µV	0.1	n/a	50	1200.0	good	n/a
Amp5-7	ECOG	µV	0.1	n/a	50	1200.0	good	n/a
Amp5-8	ECOG	µV	0.1	n/a	50	1200.0	good	n/a
Amp5-9	ECOG	µV	0.1	n/a	50	1200.0	good	n/a
Amp5-10	ECOG	µV	0.1	n/a	50	1200.0	good	n/a
Amp5-11	ECOG	µV	0.1	n/a	50	1200.0	good	n/a
Amp5-12	ECOG	µV	0.1	n/a	50	1200.0	good	n/a
Amp5-13	ECOG	µV	0.1	n/a	50	1200.0	good	n/a
Amp5-14	ECOG	µV	0.1	n/a	50	1200.0	good	n/a
Amp5-15	ECOG	µV	0.1	n/a	50	1200.0	good	n/a
Amp5-16	ECOG	µV	0.1	n/a	50	1200.0	good	n/a
Amp5-trigger	TRIG	µV	0.1	n/a	50	1200.0	good	digital trigger input of amplifier Amp5 (constant: no events)
Amp4-1	ECOG	µV	0.1	n/a	50	1200.0	good	n/a
Amp4-2	ECOG	µV	0.1	n/a	50	1200.0	good	n/a
Amp4-3	ECOG	µV	0.1	n/a	50	1200.0	good	n/a
Amp4-4	ECOG	µV	0.1	n/a	50	1200.0	good	n/a
Amp4-5	ECOG	µV	0.1	n/a	50	1200.0	good	n/a
Amp4-6	ECOG	µV	0.1	n/a	50	1200.0	good	n/a
Amp4-7	ECOG	µV	0.1	n/a	50	1200.0	good	n/a
Amp4-8	ECOG	µV	0.1	n/a	50	1200.0	good	n/a
Amp4-9	ECOG	µV	0.1	n/a	50	1200.0	good	n/a
Amp4-10	ECOG	µV	0.1	n/a	50	1200.0	good	n/a
Amp4-11	ECOG	µV	0.1	n/a	50	1200.0	good	n/a
Amp4-12	ECOG	µV	0.1	n/a	50	1200.0	good	n/a
Amp4-13	ECOG	µV	0.1	n/a	50	1200.0	good	n/a
Amp4-14	ECOG	µV	0.1	n/a	50	1200.0	good	n/a
Amp4-15	ECOG	µV	0.1	n/a	50	1200.0	good	n/a
Amp4-16	ECOG	µV	0.1	n/a	50	1200.0	good	n/a
Amp4-trigger	TRIG	µV	0.1	n/a	50	1200.0	good	digital trigger input of amplifier Amp4 (constant: no events)
Amp3-1	ECOG	µV	0.1	n/a	50	1200.0	good	n/a
Amp3-2	ECOG	µV	0.1	n/a	50	1200.0	good	n/a
Amp3-3	ECOG	µV	0.1	n/a	50	1200.0	good	n/a
Amp3-4	ECOG	µV	0.1	n/a	50	1200.0	good	n/a
Amp3-5	ECOG	µV	0.1	n/a	50	1200.0	good	n/a
Amp3-6	ECOG	µV	0.1	n/a	50	1200.0	good	n/a
Amp3-7	ECOG	µV	0.1	n/a	50	1200.0	good	n/a
Amp3-8	ECOG	µV	0.1	n/a	50	1200.0	good	n/a
Amp3-9	ECOG	µV	0.1	n/a	50	1200.0	good	n/a
Amp3-10	ECOG	µV	0.1	n/a	50	1200.0	good	n/a
Amp3-11	ECOG	µV	0.1	n/a	50	1200.0	good	n/a
Amp3-12	ECOG	µV	0.1	n/a	50	1200.0	good	n/a
Amp3-13	ECOG	µV	0.1	n/a	50	1200.0	good	n/a
Amp3-14	ECOG	µV	0.1	n/a	50	1200.0	good	n/a
Amp3-15	ECOG	µV	0.1	n/a	50	1200.0	good	n/a
Amp3-16	ECOG	µV	0.1	n/a	50	1200.0	good	n/a
Amp3-trigger	TRIG	µV	0.1	n/a	50	1200.0	good	digital trigger input of amplifier Amp3 (constant: no events)
Amp2-1	ECOG	µV	0.1	n/a	50	1200.0	good	n/a
Amp2-2	ECOG	µV	0.1	n/a	50	1200.0	good	n/a
Amp2-3	ECOG	µV	0.1	n/a	50	1200.0	good	n/a
Amp2-4	ECOG	µV	0.1	n/a	50	1200.0	good	n/a
Amp2-5	ECOG	µV	0.1	n/a	50	1200.0	good	n/a
Amp2-6	ECOG	µV	0.1	n/a	50	1200.0	good	n/a
Amp2-7	ECOG	µV	0.1	n/a	50	1200.0	good	n/a
Amp2-8	ECOG	µV	0.1	n/a	50	1200.0	good	n/a
Amp2-9	ECOG	µV	0.1	n/a	50	1200.0	good	n/a
Amp2-10	ECOG	µV	0.1	n/a	50	1200.0	good	n/a
Amp2-11	ECOG	µV	0.1	n/a	50	1200.0	good	n/a
Amp2-12	ECOG	µV	0.1	n/a	50	1200.0	good	n/a
Amp2-13	ECOG	µV	0.1	n/a	50	1200.0	good	n/a
Amp2-14	ECOG	µV	0.1	n/a	50	1200.0	good	n/a
Amp2-15	ECOG	µV	0.1	n/a	50	1200.0	good	n/a
Amp2-16	ECOG	µV	0.1	n/a	50	1200.0	good	n/a
Amp2-trigger	TRIG	µV	0.1	n/a	50	1200.0	good	digital trigger input of amplifier Amp2 (constant: no events)
Amp1-1	ECOG	µV	0.1	n/a	50	1200.0	good	n/a
Amp1-2	ECOG	µV	0.1	n/a	50	1200.0	good	n/a
Amp1-3	ECOG	µV	0.1	n/a	50	1200.0	good	n/a
Amp1-4	ECOG	µV	0.1	n/a	50	1200.0	good	n/a
Amp1-5	ECOG	µV	0.1	n/a	50	1200.0	good	n/a
Amp1-6	ECOG	µV	0.1	n/a	50	1200.0	good	n/a
Amp1-7	ECOG	µV	0.1	n/a	50	1200.0	good	n/a
Amp1-8	ECOG	µV	0.1	n/a	50	1200.0	good	n/a
Amp1-9	ECOG	µV	0.1	n/a	50	1200.0	good	n/a
Amp1-10	ECOG	µV	0.1	n/a	50	1200.0	good	n/a
Amp1-11	ECOG	µV	0.1	n/a	50	1200.0	good	n/a
Amp1-12	ECOG	µV	0.1	n/a	50	1200.0	good	n/a
Amp1-13	ECOG	µV	0.1	n/a	50	1200.0	good	n/a
Amp1-14	ECOG	µV	0.1	n/a	50	1200.0	good	n/a
Amp1-15	ECOG	µV	0.1	n/a	50	1200.0	good	n/a
Amp1-16	ECOG	µV	0.1	n/a	50	1200.0	good	n/a
Amp1-trigger	TRIG	µV	0.1	n/a	50	1200.0	good	digital trigger input of amplifier Amp1 (event codes)
