onset	duration	sample	trigger_code	trial_type
34.2925	0.001667	41151	255	trigger_code_255
39.356667	0.05	47228	1	trigger_code_1
40.799167	0.05	48959	1	trigger_code_1
42.264167	0.05	50717	1	trigger_code_1
43.7025	0.05	52443	1	trigger_code_1
45.1375	0.05	54165	1	trigger_code_1
46.605833	0.05	55927	1	trigger_code_1
48.0675	0.050833	57681	2	trigger_code_2
49.528333	0.05	59434	1	trigger_code_1
50.993333	0.058333	61192	1	trigger_code_1
52.431667	0.05	62918	1	trigger_code_1
53.875	0.05	64650	3	trigger_code_3
55.325	0.05	66390	1	trigger_code_1
56.760833	0.05	68113	1	trigger_code_1
58.229167	0.050833	69875	1	trigger_code_1
59.708333	0.05	71650	1	trigger_code_1
61.146667	0.05	73376	1	trigger_code_1
62.616667	0.05	75140	3	trigger_code_3
64.045	0.0625	76854	1	trigger_code_1
65.534167	0.05	78641	1	trigger_code_1
66.9625	0.05	80355	2	trigger_code_2
68.4225	0.050833	82107	1	trigger_code_1
69.8675	0.050833	83841	1	trigger_code_1
71.3425	0.050833	85611	1	trigger_code_1
72.806667	0.05	87368	1	trigger_code_1
74.259167	0.05	89111	3	trigger_code_3
75.739167	0.05	90887	1	trigger_code_1
77.1825	0.05	92619	1	trigger_code_1
78.6325	0.05	94359	1	trigger_code_1
80.119167	0.05	96143	1	trigger_code_1
81.540833	0.05	97849	1	trigger_code_1
83.051667	0.05	99662	1	trigger_code_1
84.483333	0.05	101380	2	trigger_code_2
85.949167	0.05	103139	1	trigger_code_1
87.415	0.05	104898	1	trigger_code_1
88.880833	0.05	106657	1	trigger_code_1
90.325	0.05	108390	1	trigger_code_1
91.786667	0.05	110144	1	trigger_code_1
93.271667	0.05	111926	2	trigger_code_2
94.691667	0.05	113630	1	trigger_code_1
96.115833	0.05	115339	1	trigger_code_1
97.603333	0.05	117124	1	trigger_code_1
99.0675	0.05	118881	3	trigger_code_3
100.505	0.05	120606	1	trigger_code_1
101.9525	0.05	122343	1	trigger_code_1
103.38	0.05	124056	3	trigger_code_3
104.8175	0.05	125781	1	trigger_code_1
106.254167	0.05	127505	1	trigger_code_1
107.695833	0.05	129235	1	trigger_code_1
109.13	0.05	130956	1	trigger_code_1
110.5725	0.050833	132687	2	trigger_code_2
112.0	0.05	134400	1	trigger_code_1
113.480833	0.05	136177	1	trigger_code_1
114.906667	0.05	137888	1	trigger_code_1
116.39	0.050833	139668	1	trigger_code_1
117.836667	0.050833	141404	1	trigger_code_1
119.259167	0.05	143111	1	trigger_code_1
120.701667	0.05	144842	3	trigger_code_3
122.171667	0.050833	146606	1	trigger_code_1
123.646667	0.05	148376	1	trigger_code_1
125.103333	0.05	150124	1	trigger_code_1
126.57	0.05	151884	1	trigger_code_1
128.050833	0.050833	153661	2	trigger_code_2
129.486667	0.05	155384	1	trigger_code_1
130.926667	0.05	157112	1	trigger_code_1
132.348333	0.05	158818	3	trigger_code_3
133.780833	0.05	160537	1	trigger_code_1
135.25	0.05	162300	1	trigger_code_1
136.719167	0.05	164063	1	trigger_code_1
138.199167	0.05	165839	1	trigger_code_1
139.658333	0.05	167590	1	trigger_code_1
141.100833	0.050833	169321	2	trigger_code_2
142.584167	0.050833	171101	1	trigger_code_1
144.059167	0.05	172871	1	trigger_code_1
145.498333	0.05	174598	1	trigger_code_1
146.955	0.061667	176346	3	trigger_code_3
148.464167	0.05	178157	1	trigger_code_1
149.9325	0.05	179919	1	trigger_code_1
151.41	0.05	181692	1	trigger_code_1
152.859167	0.05	183431	1	trigger_code_1
154.310833	0.05	185173	1	trigger_code_1
155.77	0.05	186924	1	trigger_code_1
157.2075	0.05	188649	2	trigger_code_2
158.678333	0.05	190414	1	trigger_code_1
160.141667	0.05	192170	1	trigger_code_1
161.605833	0.05	193927	1	trigger_code_1
163.05	0.05	195660	1	trigger_code_1
164.481667	0.05	197378	1	trigger_code_1
165.933333	0.05	199120	2	trigger_code_2
167.3775	0.05	200853	1	trigger_code_1
168.851667	0.05	202622	1	trigger_code_1
170.325	0.05	204390	1	trigger_code_1
171.79	0.05	206148	1	trigger_code_1
173.218333	0.05	207862	3	trigger_code_3
174.638333	0.05	209566	1	trigger_code_1
176.101667	0.05	211322	1	trigger_code_1
177.541667	0.050833	213050	1	trigger_code_1
179.034167	0.050833	214841	2	trigger_code_2
180.543333	0.05	216652	1	trigger_code_1
181.9825	0.054167	218379	1	trigger_code_1
183.475	0.05	220170	3	trigger_code_3
184.956667	0.051667	221948	1	trigger_code_1
186.425	0.050833	223710	1	trigger_code_1
187.905833	0.05	225487	1	trigger_code_1
189.390833	0.05	227269	1	trigger_code_1
190.8475	0.05	229017	1	trigger_code_1
192.3175	0.05	230781	1	trigger_code_1
193.775833	0.050833	232531	3	trigger_code_3
195.196667	0.05	234236	1	trigger_code_1
196.646667	0.05	235976	1	trigger_code_1
198.110833	0.05	237733	2	trigger_code_2
199.565833	0.05	239479	1	trigger_code_1
201.010833	0.05	241213	1	trigger_code_1
202.495833	0.05	242995	1	trigger_code_1
203.9725	0.05	244767	1	trigger_code_1
205.450833	0.05	246541	1	trigger_code_1
206.895833	0.05	248275	3	trigger_code_3
208.355833	0.05	250027	1	trigger_code_1
209.835833	0.05	251803	1	trigger_code_1
211.32	0.05	253584	1	trigger_code_1
212.785	0.05	255342	2	trigger_code_2
214.218333	0.05	257062	1	trigger_code_1
215.6825	0.05	258819	1	trigger_code_1
217.106667	0.05	260528	1	trigger_code_1
218.553333	0.05	262264	1	trigger_code_1
220.019167	0.05	264023	2	trigger_code_2
221.505	0.05	265806	1	trigger_code_1
222.98	0.05	267576	1	trigger_code_1
224.4325	0.05	269319	1	trigger_code_1
225.904167	0.050833	271085	1	trigger_code_1
227.3525	0.050833	272823	1	trigger_code_1
228.839167	0.050833	274607	3	trigger_code_3
230.3275	0.05	276393	1	trigger_code_1
231.806667	0.05	278168	1	trigger_code_1
233.253333	0.05	279904	1	trigger_code_1
234.703333	0.050833	281644	1	trigger_code_1
236.139167	0.050833	283367	1	trigger_code_1
237.613333	0.05	285136	1	trigger_code_1
239.096667	0.05	286916	2	trigger_code_2
240.579167	0.05	288695	1	trigger_code_1
242.0425	0.050833	290451	1	trigger_code_1
243.518333	0.05	292222	1	trigger_code_1
244.9475	0.05	293937	1	trigger_code_1
246.428333	0.05	295714	3	trigger_code_3
247.881667	0.05	297458	1	trigger_code_1
249.315	0.05	299178	1	trigger_code_1
250.796667	0.05	300956	2	trigger_code_2
252.268333	0.05	302722	1	trigger_code_1
253.749167	0.05	304499	1	trigger_code_1
255.188333	0.05	306226	1	trigger_code_1
256.654167	0.05	307985	3	trigger_code_3
258.119167	0.05	309743	1	trigger_code_1
259.546667	0.05	311456	1	trigger_code_1
260.993333	0.05	313192	1	trigger_code_1
262.431667	0.05	314918	1	trigger_code_1
263.9	0.05	316680	2	trigger_code_2
265.338333	0.050833	318406	1	trigger_code_1
266.82	0.05	320184	1	trigger_code_1
268.296667	0.05	321956	1	trigger_code_1
269.7425	0.05	323691	1	trigger_code_1
271.196667	0.05	325436	1	trigger_code_1
272.663333	0.05	327196	3	trigger_code_3
274.140833	0.05	328969	1	trigger_code_1
275.604167	0.05	330725	1	trigger_code_1
277.063333	0.05	332476	1	trigger_code_1
278.505	0.05	334206	1	trigger_code_1
279.955	0.050833	335946	1	trigger_code_1
281.424167	0.05	337709	1	trigger_code_1
282.905	0.05	339486	3	trigger_code_3
284.374167	0.05	341249	1	trigger_code_1
285.793333	0.050833	342952	1	trigger_code_1
287.259167	0.050833	344711	2	trigger_code_2
288.709167	0.05	346451	1	trigger_code_1
290.158333	0.05	348190	1	trigger_code_1
291.585	0.050833	349902	1	trigger_code_1
293.061667	0.05	351674	2	trigger_code_2
294.5025	0.050833	353403	1	trigger_code_1
295.949167	0.05	355139	1	trigger_code_1
297.393333	0.05	356872	1	trigger_code_1
298.839167	0.05	358607	1	trigger_code_1
300.295833	0.05	360355	1	trigger_code_1
301.753333	0.05	362104	3	trigger_code_3
303.2	0.05	363840	1	trigger_code_1
304.6475	0.05	365577	1	trigger_code_1
306.101667	0.05	367322	1	trigger_code_1
307.566667	0.05	369080	1	trigger_code_1
309.051667	0.05	370862	3	trigger_code_3
310.531667	0.05	372638	1	trigger_code_1
311.978333	0.05	374374	1	trigger_code_1
313.455833	0.05	376147	2	trigger_code_2
314.884167	0.05	377861	1	trigger_code_1
316.306667	0.05	379568	1	trigger_code_1
317.731667	0.05	381278	1	trigger_code_1
319.161667	0.05	382994	3	trigger_code_3
320.603333	0.05	384724	1	trigger_code_1
322.0425	0.050833	386451	1	trigger_code_1
323.4625	0.05	388155	1	trigger_code_1
324.919167	0.05	389903	1	trigger_code_1
326.344167	0.05	391613	1	trigger_code_1
327.773333	0.050833	393328	1	trigger_code_1
329.236667	0.050833	395084	2	trigger_code_2
330.716667	0.05	396860	1	trigger_code_1
332.203333	0.05	398644	1	trigger_code_1
333.661667	0.050833	400394	1	trigger_code_1
335.15	0.050833	402180	1	trigger_code_1
336.608333	0.05	403930	1	trigger_code_1
338.063333	0.05	405676	1	trigger_code_1
339.505833	0.05	407407	3	trigger_code_3
340.954167	0.05	409145	1	trigger_code_1
342.4075	0.05	410889	1	trigger_code_1
343.831667	0.050833	412598	1	trigger_code_1
345.3125	0.05	414375	1	trigger_code_1
346.735833	0.05	416083	2	trigger_code_2
348.185	0.05	417822	1	trigger_code_1
349.6625	0.05	419595	1	trigger_code_1
351.108333	0.05	421330	1	trigger_code_1
352.57	0.05	423084	1	trigger_code_1
354.045833	0.050833	424855	1	trigger_code_1
355.526667	0.05	426632	2	trigger_code_2
357.010833	0.05	428413	1	trigger_code_1
358.443333	0.05	430132	1	trigger_code_1
359.88	0.05	431856	3	trigger_code_3
361.360833	0.050833	433633	1	trigger_code_1
362.821667	0.05	435386	1	trigger_code_1
364.275833	0.05	437131	1	trigger_code_1
365.736667	0.050833	438884	3	trigger_code_3
367.213333	0.05	440656	1	trigger_code_1
368.669167	0.05	442403	1	trigger_code_1
370.101667	0.05	444122	1	trigger_code_1
371.5525	0.05	445863	1	trigger_code_1
373.0025	0.05	447603	1	trigger_code_1
374.488333	0.05	449386	1	trigger_code_1
375.950833	0.05	451141	2	trigger_code_2
377.439167	0.05	452927	1	trigger_code_1
378.908333	0.05	454690	1	trigger_code_1
380.351667	0.05	456422	1	trigger_code_1
381.806667	0.05	458168	1	trigger_code_1
383.264167	0.05	459917	1	trigger_code_1
384.694167	0.05	461633	3	trigger_code_3
386.151667	0.050833	463382	1	trigger_code_1
387.625	0.05	465150	1	trigger_code_1
389.073333	0.05	466888	1	trigger_code_1
390.550833	0.05	468661	2	trigger_code_2
392.02	0.050833	470424	1	trigger_code_1
393.464167	0.05	472157	1	trigger_code_1
394.915	0.05	473898	3	trigger_code_3
396.360833	0.05	475633	1	trigger_code_1
397.834167	0.05	477401	1	trigger_code_1
399.304167	0.05	479165	1	trigger_code_1
400.7525	0.05	480903	1	trigger_code_1
402.22	0.05	482664	2	trigger_code_2
