name	x	y	z	size
Amp6-1	n/a	n/a	n/a	n/a
Amp6-2	n/a	n/a	n/a	n/a
Amp6-3	n/a	n/a	n/a	n/a
Amp6-4	n/a	n/a	n/a	n/a
Amp6-5	n/a	n/a	n/a	n/a
Amp6-6	n/a	n/a	n/a	n/a
Amp6-7	n/a	n/a	n/a	n/a
Amp6-8	n/a	n/a	n/a	n/a
Amp6-9	n/a	n/a	n/a	n/a
Amp6-10	n/a	n/a	n/a	n/a
Amp6-11	n/a	n/a	n/a	n/a
Amp6-12	n/a	n/a	n/a	n/a
Amp6-13	n/a	n/a	n/a	n/a
Amp6-14	n/a	n/a	n/a	n/a
Amp6-15	n/a	n/a	n/a	n/a
Amp6-16	n/a	n/a	n/a	n/a
Amp5-1	n/a	n/a	n/a	n/a
Amp5-2	n/a	n/a	n/a	n/a
Amp5-3	n/a	n/a	n/a	n/a
Amp5-4	n/a	n/a	n/a	n/a
Amp5-5	n/a	n/a	n/a	n/a
Amp5-6	n/a	n/a	n/a	n/a
Amp5-7	n/a	n/a	n/a	n/a
Amp5-8	n/a	n/a	n/a	n/a
Amp5-9	n/a	n/a	n/a	n/a
Amp5-10	n/a	n/a	n/a	n/a
Amp5-11	n/a	n/a	n/a	n/a
Amp5-12	n/a	n/a	n/a	n/a
Amp5-13	n/a	n/a	n/a	n/a
Amp5-14	n/a	n/a	n/a	n/a
Amp5-15	n/a	n/a	n/a	n/a
Amp5-16	n/a	n/a	n/a	n/a
Amp4-1	n/a	n/a	n/a	n/a
Amp4-2	n/a	n/a	n/a	n/a
Amp4-3	n/a	n/a	n/a	n/a
Amp4-4	n/a	n/a	n/a	n/a
Amp4-5	n/a	n/a	n/a	n/a
Amp4-6	n/a	n/a	n/a	n/a
Amp4-7	n/a	n/a	n/a	n/a
Amp4-8	n/a	n/a	n/a	n/a
Amp4-9	n/a	n/a	n/a	n/a
Amp4-10	n/a	n/a	n/a	n/a
Amp4-11	n/a	n/a	n/a	n/a
Amp4-12	n/a	n/a	n/a	n/a
Amp4-13	n/a	n/a	n/a	n/a
Amp4-14	n/a	n/a	n/a	n/a
Amp4-15	n/a	n/a	n/a	n/a
Amp4-16	n/a	n/a	n/a	n/a
Amp3-1	n/a	n/a	n/a	n/a
Amp3-2	n/a	n/a	n/a	n/a
Amp3-3	n/a	n/a	n/a	n/a
Amp3-4	n/a	n/a	n/a	n/a
Amp3-5	n/a	n/a	n/a	n/a
Amp3-6	n/a	n/a	n/a	n/a
Amp3-7	n/a	n/a	n/a	n/a
Amp3-8	n/a	n/a	n/a	n/a
Amp3-9	n/a	n/a	n/a	n/a
Amp3-10	n/a	n/a	n/a	n/a
Amp3-11	n/a	n/a	n/a	n/a
Amp3-12	n/a	n/a	n/a	n/a
Amp3-13	n/a	n/a	n/a	n/a
Amp3-14	n/a	n/a	n/a	n/a
Amp3-15	n/a	n/a	n/a	n/a
Amp3-16	n/a	n/a	n/a	n/a
Amp2-1	n/a	n/a	n/a	n/a
Amp2-2	n/a	n/a	n/a	n/a
Amp2-3	n/a	n/a	n/a	n/a
Amp2-4	n/a	n/a	n/a	n/a
Amp2-5	n/a	n/a	n/a	n/a
Amp2-6	n/a	n/a	n/a	n/a
Amp2-7	n/a	n/a	n/a	n/a
Amp2-8	n/a	n/a	n/a	n/a
Amp2-9	n/a	n/a	n/a	n/a
Amp2-10	n/a	n/a	n/a	n/a
Amp2-11	n/a	n/a	n/a	n/a
Amp2-12	n/a	n/a	n/a	n/a
Amp2-13	n/a	n/a	n/a	n/a
Amp2-14	n/a	n/a	n/a	n/a
Amp2-15	n/a	n/a	n/a	n/a
Amp2-16	n/a	n/a	n/a	n/a
Amp1-1	n/a	n/a	n/a	n/a
Amp1-2	n/a	n/a	n/a	n/a
Amp1-3	n/a	n/a	n/a	n/a
Amp1-4	n/a	n/a	n/a	n/a
Amp1-5	n/a	n/a	n/a	n/a
Amp1-6	n/a	n/a	n/a	n/a
Amp1-7	n/a	n/a	n/a	n/a
Amp1-8	n/a	n/a	n/a	n/a
Amp1-9	n/a	n/a	n/a	n/a
Amp1-10	n/a	n/a	n/a	n/a
Amp1-11	n/a	n/a	n/a	n/a
Amp1-12	n/a	n/a	n/a	n/a
Amp1-13	n/a	n/a	n/a	n/a
Amp1-14	n/a	n/a	n/a	n/a
Amp1-15	n/a	n/a	n/a	n/a
Amp1-16	n/a	n/a	n/a	n/a
